user_id,1.06,1.07,1.08,1.09,1.1,1.104,1.108,1.111,1.113,1.114,1.115,1.116,1.117,1.13,1.14,1.16,1.17,1.19,1.2,1.21,1.22,1.24,1.25,1.27,1.28,1.29,1.30,1.31,1.33,1.34,1.35,1.36,1.37,1.38,1.39,1.4,1.40.1,1.40.2,1.41,1.43.1,1.43.4,1.43.6,1.43.7,1.43.8,1.44,1.49,1.50,1.53,1.54,1.55,1.57,1.6,1.60,1.61,1.62,1.63,1.67.4,1.68,1.68.7,1.7,1.70,1.72,1.72.1,1.73.2,1.74,1.74.1,1.74.2,1.75.1,1.75.3,1.76,1.77,1.78,1.8,1.80,1.80.4,1.81,1.83,1.84,1.9,1.90,1.91,1.92,1.95,1.98,1.99,2.1,2.14,2.15,2.17,2.19,2.2,2.23,2.29,2.39,2.40,2.42,2.42.1,2.42.4,2.45,2.51,2.55,2.7,2.7.2,2.7.3,2.7.7,2.8.3
7yg7efXymicQuHb0SpeN24frBl62,0.0,0.0,0.0,0.0,0.0,0.0,0.0,0.0,0.0,0.0,0.0,0.0,0.0,0.0,0.0,0.0,0.0,0.0,0.0,0.0,0.0,0.0,0.0,0.0,0.0,0.0,0.0,0.0,0.0,0.0,0.0,0.0,0.0,0.0,0.0,0.0,0.0,0.0,0.0,0.0,0.0,0.0,0.0,0.0,0.0,0.0,0.0,0.0,0.0,0.0,0.0,0.0,0.0,0.0,0.0,0.0,0.0,0.0,0.0,0.0,1.309651073367678,0.0,0.0,0.0,0.0,0.0,0.0,0.0,0.0,0.0,0.0,0.0,0.0,0.0,0.0,0.0,0.0,0.0,0.0,0.0,0.0,0.0,0.0,0.0,0.0,0.0,0.0,0.0,0.0,1.4925225429642757,0.0,0.0,0.0,0.0,0.0,0.0,0.0,0.0,0.0,0.0,0.0,0.0,0.0,0.0,0.0,0.0
FkpxsnbsaeX8PCN16qUGAD8TC9v1,0.04764596648325803,0.04764596648325803,0.04764596648325803,2.0379079103369033,1.5152380558298342,0.08402126935892706,0.0,0.0,0.19200220167116067,0.08402126935892706,0.12039657223459521,0.08402126935892706,0.08402126935892706,0.19200220167116067,0.0,0.08402126935892706,0.0,0.12039657223459521,1.7423305037866865,0.0,0.08402126935892706,0.12039657223459521,0.0,0.15677187511026425,0.011270663607589437,0.04764596648325803,0.35540482053297673,0.12039657223459521,0.08402126935892706,0.5250998874118178,0.08402126935892706,0.30112811029816644,0.04764596648325803,2.1802884509963767,1.298131214890594,0.27667514772931456,0.0877926221427936,0.24627891190597007,1.3744128430062428,0.0,0.24627891190597007,1.8335290611299815,0.23890965579725787,0.24627891190597007,0.0,0.011270663607589437,0.0,0.1040945971886944,0.08402126935892706,0.04764596648325803,0.30112811029816644,0.04764596648325803,0.0,1.5695147660646442,0.04764596648325803,0.12039657223459521,1.298131214890594,0.08402126935892706,2.1802884509963767,0.04764596648325803,0.08402126935892706,0.12039657223459521,2.1802884509963767,1.4110284763014667,0.04764596648325803,0.0877926221427936,0.0,1.298131214890594,0.11601693749551156,0.12039657223459521,0.4205543156190785,0.08402126935892706,0.0,2.1802884509963767,0.19200220167116067,0.24627891190597007,1.8847110444461603,0.08402126935892706,0.08402126935892706,0.24627891190597007,0.12039657223459521,0.11224558471164503,1.0313280005508108,2.5941766479312087,0.009750441474541738,0.3887835576667529,0.11601693749551156,0.210476097187688,0.8570525968377032,0.08402126935892706,0.0,0.08402126935892706,0.12039657223459521,0.0,0.8570525968377032,0.011270663607589437,0.8570525968377032,1.298131214890594,0.415973978784812,0.0,0.24627891190597007,0.08402126935892706,2.1802884509963767,1.1674687445388265,2.1802884509963767,0.28531150843304465
Fu3F3RVYDfXxnLGuWjulhU8WsKr2,0.37860471564214393,0.37860471564214393,0.37860471564214393,0.5319504390123031,2.7180531896054934,0.4407059420804833,0.25440226276546607,0.25440226276546607,2.5098920574203656,0.4407059420804833,0.5028071685188222,0.4407059420804833,0.4407059420804833,2.5098920574203656,0.25440226276546607,0.4407059420804833,0.25440226276546607,0.5028071685188222,0.7109683007039496,0.25440226276546607,0.4407059420804833,0.5028071685188222,0.25440226276546607,0.5649083949571616,0.31650348920380544,0.37860471564214393,3.5873703871241363,0.5028071685188222,0.7025477034605063,0.5100929861421917,0.4407059420804833,2.6961957367353824,0.37860471564214393,0.6013374830740115,0.4625633949505934,2.6094755628335364,0.3871802699830278,3.07376450608409,0.3931763508888837,0.25440226276546607,3.07376450608409,3.79943585858871,0.7719124830849577,3.07376450608409,0.25440226276546607,0.5128848102388228,0.5817044644904952,0.4449937192509257,0.4407059420804833,0.37860471564214393,2.6961957367353824,0.37860471564214393,0.25440226276546607,3.281925638269218,0.37860471564214393,0.5028071685188222,0.4625633949505934,0.4407059420804833,0.6013374830740115,0.37860471564214393,0.4407059420804833,0.5028071685188222,0.6013374830740115,0.5953414021681551,0.37860471564214393,0.3871802699830278,0.25440226276546607,0.4625633949505934,0.4203747717874178,0.5028071685188222,3.586175979198752,0.4407059420804833,0.25440226276546607,0.6013374830740115,2.5098920574203656,3.07376450608409,0.7803553447656593,0.4407059420804833,0.4407059420804833,3.07376450608409,0.5028071685188222,0.8012026456099028,0.9055878240035464,0.6013374830740115,0.35688455738839764,0.25440226276546607,0.4203747717874178,2.0702220616333182,0.3931763508888837,0.7680081438055124,0.25440226276546607,0.4407059420804833,0.5028071685188222,0.25440226276546607,0.3931763508888837,0.31650348920380544,0.3931763508888837,0.4625633949505934,0.3237893068271749,0.25440226276546607,3.07376450608409,0.4407059420804833,0.6013374830740115,0.3931763508888837,0.6013374830740115,0.25440226276546607
IfLZ1xFo8UZhgUVmOxSDtcvtsS42,0.0,0.0,0.0,0.1270258576884553,0.055223596605680214,0.07973141406960571,0.0,0.0,0.0,0.07973141406960571,0.15970294764035553,0.07973141406960571,0.07973141406960571,0.0,0.0,0.07973141406960571,0.0,0.15970294764035553,2.0715621415816305,0.0,0.07973141406960571,0.15970294764035553,0.0,0.23967448121110557,0.0,0.0,0.07973141406960571,0.15970294764035553,0.07973141406960571,0.1515336751523806,0.07973141406960571,0.07973141406960571,0.0,0.1988281187712304,0.055223596605680214,0.0,0.0,0.0,0.0,0.0,0.0,0.055223596605680214,0.0,0.0,0.0,0.0,0.0,0.0,0.07973141406960571,0.0,0.07973141406960571,0.0,0.0,0.055223596605680214,0.0,0.15970294764035553,0.055223596605680214,0.07973141406960571,0.1988281187712304,0.0,0.07973141406960571,0.15970294764035553,0.1988281187712304,0.055223596605680214,0.0,0.0,0.0,0.055223596605680214,0.0,0.15970294764035553,0.0,0.07973141406960571,0.0,0.1988281187712304,0.0,0.0,0.4469119919714555,0.07973141406960571,0.07973141406960571,0.0,0.15970294764035553,0.07973141406960571,0.0,0.1988281187712304,0.0,0.0,0.0,0.0,0.0,0.07973141406960571,0.0,0.07973141406960571,0.15970294764035553,0.0,0.0,0.0,0.0,0.055223596605680214,0.0,0.0,0.0,0.07973141406960571,0.1988281187712304,0.0,0.1988281187712304,0.0
IiB5oXUuiMZaPtG7FZQll9WpoY43,0.004872209806532801,0.004872209806532801,0.004872209806532801,0.5101721787007656,0.3838471864772073,0.004872209806532801,0.004872209806532801,0.7480668748245027,0.004872209806532801,0.004872209806532801,0.004872209806532801,0.004872209806532801,0.004872209806532801,0.004872209806532801,0.004872209806532801,0.004872209806532801,0.004872209806532801,0.004872209806532801,0.3838471864772073,0.004872209806532801,0.004872209806532801,0.004872209806532801,0.004872209806532801,0.004872209806532801,0.004872209806532801,0.5994279418209087,0.004872209806532801,0.004872209806532801,0.004872209806532801,0.1311972020300911,0.004872209806532801,0.004872209806532801,0.004872209806532801,0.636497170924323,0.3838471864772073,0.004872209806532801,0.004872209806532801,0.004872209806532801,2.9500006658870124,0.004872209806532801,0.004872209806532801,0.3838471864772073,0.004872209806532801,0.004872209806532801,0.004872209806532801,0.3021500758137208,0.004872209806532801,0.004872209806532801,0.004872209806532801,0.004872209806532801,0.004872209806532801,0.004872209806532801,0.004872209806532801,0.3838471864772073,0.004872209806532801,0.004872209806532801,0.3838471864772073,0.004872209806532801,0.636497170924323,0.004872209806532801,0.004872209806532801,0.004872209806532801,0.636497170924323,0.3838471864772073,0.004872209806532801,0.004872209806532801,0.004872209806532801,0.3838471864772073,0.004872209806532801,0.004872209806532801,0.004872209806532801,0.004872209806532801,0.004872209806532801,0.636497170924323,0.004872209806532801,0.004872209806532801,0.5101721787007656,0.004872209806532801,0.004872209806532801,0.004872209806532801,0.004872209806532801,0.004872209806532801,0.2575221942536494,2.790479948231014,0.004872209806532801,2.9020496521311934,0.004872209806532801,0.004872209806532801,0.2575221942536494,0.004872209806532801,0.004872209806532801,0.004872209806532801,0.004872209806532801,0.004872209806532801,0.2575221942536494,0.004872209806532801,0.2575221942536494,0.3838471864772073,0.1311972020300911,0.004872209806532801,0.004872209806532801,0.004872209806532801,0.636497170924323,1.8730092772336673,0.636497170924323,2.3665208145712526
JGQ6NKOVxCfZUzQ7yz3sUt3FiQu1,0.8284271247461898,0.8284271247461898,0.8284271247461898,0.8284271247461898,0.8284271247461898,0.8284271247461898,0.8284271247461898,0.8284271247461898,0.8284271247461898,0.8284271247461898,0.8284271247461898,0.8284271247461898,0.8284271247461898,0.8284271247461898,0.8284271247461898,0.8284271247461898,0.8284271247461898,0.8284271247461898,0.8284271247461898,0.8284271247461898,0.8284271247461898,0.8284271247461898,5.0,0.8284271247461898,0.8284271247461898,0.8284271247461898,0.8284271247461898,0.8284271247461898,0.8284271247461898,0.8284271247461898,0.8284271247461898,0.8284271247461898,0.8284271247461898,0.8284271247461898,0.8284271247461898,0.8284271247461898,0.8284271247461898,0.8284271247461898,0.8284271247461898,3.757359312880715,0.8284271247461898,0.8284271247461898,0.8284271247461898,0.8284271247461898,0.8284271247461898,0.8284271247461898,0.8284271247461898,0.8284271247461898,0.8284271247461898,0.8284271247461898,0.8284271247461898,0.8284271247461898,0.8284271247461898,0.8284271247461898,0.8284271247461898,0.8284271247461898,0.8284271247461898,0.8284271247461898,0.8284271247461898,0.8284271247461898,0.8284271247461898,0.8284271247461898,0.8284271247461898,0.8284271247461898,0.8284271247461898,0.8284271247461898,0.8284271247461898,0.8284271247461898,0.8284271247461898,0.8284271247461898,0.8284271247461898,0.8284271247461898,0.8284271247461898,0.8284271247461898,0.8284271247461898,0.8284271247461898,0.8284271247461898,0.8284271247461898,0.8284271247461898,0.8284271247461898,0.8284271247461898,0.8284271247461898,0.8284271247461898,0.8284271247461898,0.8284271247461898,0.8284271247461898,0.8284271247461898,0.8284271247461898,0.8284271247461898,0.8284271247461898,0.8284271247461898,0.8284271247461898,0.8284271247461898,0.8284271247461898,0.8284271247461898,0.8284271247461898,0.8284271247461898,0.8284271247461898,0.8284271247461898,0.8284271247461898,0.8284271247461898,0.8284271247461898,0.8284271247461898,0.8284271247461898,0.8284271247461898,0.8284271247461898
JUEa2h1juZcAzE3AVRDCyl3gf0W2,0.0,0.0,0.0,0.0,0.0,0.0,0.0,0.0,0.0,0.0,0.0,0.0,0.0,0.0,0.0,0.0,0.0,0.0,0.0,0.0,0.0,0.0,0.0,0.0,0.0,0.0,0.0,0.0,0.0,0.0,0.0,0.0,0.0,0.0,0.0,0.0,0.0,0.0,0.0,0.0,0.0,0.0,0.0,0.0,0.0,0.0,0.0,0.0,0.0,0.0,0.0,0.0,0.0,0.0,0.0,0.0,0.0,0.0,0.0,0.0,0.0,0.0,0.0,0.0,0.0,0.0,0.0,0.0,0.0,0.0,0.0,0.0,0.0,0.0,0.0,0.0,0.0,0.0,0.0,0.0,0.0,0.0,0.0,0.0,0.0,0.0,0.0,0.0,0.0,0.0,0.0,0.0,0.0,5.0,0.0,0.0,0.0,0.0,0.0,0.0,0.0,0.0,0.0,0.0,0.0,0.0
PJG0sMkgphc9yNmzzHSJlTjeliG2,0.0,0.0,0.0,0.0,0.0,0.0,0.0,0.0,0.0,0.0,0.0,0.0,0.0,0.0,4.0,0.0,0.0,0.0,0.0,0.0,0.0,0.0,0.0,0.0,0.0,0.0,0.0,0.0,0.0,0.0,0.0,0.0,0.0,0.0,0.0,0.0,0.0,0.0,0.0,0.0,0.0,0.0,0.0,0.0,0.0,0.0,0.0,0.0,0.0,0.0,0.0,0.0,0.0,0.0,0.0,0.0,0.0,0.0,0.0,0.0,0.0,0.0,0.0,0.0,0.0,0.0,0.0,0.0,0.0,0.0,0.0,0.0,0.0,0.0,0.0,0.0,0.0,0.0,0.0,0.0,0.0,0.0,0.0,0.0,0.0,0.0,0.0,0.0,0.0,0.0,0.0,0.0,0.0,0.0,0.0,0.0,0.0,0.0,0.0,0.0,0.0,0.0,0.0,0.0,0.0,0.0
STUeuf9wI4WlesemaJqItqCpB553,0.0,0.0,0.0,3.1416628306315886,0.5099861902737186,0.0,0.0,0.0,0.0,0.0,0.0,0.0,0.0,0.0,0.0,0.0,0.0,0.0,0.5099861902737186,0.0,0.0,0.0,0.0,0.0,0.0,0.0,0.0,0.0,0.0,0.14166283063158858,0.0,0.0,0.0,0.8783095499158491,0.5099861902737186,0.0,0.0,0.0,0.32582451045265337,0.0,0.0,0.5099861902737186,0.0,0.0,0.0,0.0,0.0,0.0,0.0,0.0,0.0,0.0,0.0,0.5099861902737186,0.0,0.0,0.5099861902737186,0.0,0.8783095499158491,0.0,0.0,0.0,0.8783095499158491,0.5099861902737186,0.0,0.0,0.0,0.5099861902737186,0.0,0.0,0.0,0.0,0.0,0.8783095499158491,0.0,0.0,0.6941478700947834,0.0,0.0,0.0,0.0,0.0,0.32582451045265337,0.8783095499158491,0.0,0.0,0.0,0.0,0.32582451045265337,0.0,0.0,0.0,0.0,0.0,0.32582451045265337,0.0,0.32582451045265337,0.5099861902737186,0.14166283063158858,0.0,0.0,0.0,0.8783095499158491,0.32582451045265337,0.8783095499158491,0.0
T942BvfXrDOpYC7HBzdh00sWbCm2,0.0,0.0,0.0,0.15790281100720183,0.671848246308949,0.0,0.0,0.0,0.4838145912774241,0.0,0.0,0.0,0.0,0.4838145912774241,0.0,0.0,0.0,0.0,0.09522492599669352,0.0,0.0,0.0,0.0,0.0,0.0,0.0,0.6279704213554878,0.0,0.0,0.0,0.0,0.4838145912774241,0.0,0.2205806960177097,0.09522492599669352,0.4838145912774241,0.0,0.6279704213554878,0.03254704098618477,0.0,0.6279704213554878,0.8160040763870127,0.0,0.6279704213554878,0.0,0.0,0.0,0.0,0.0,0.0,0.4838145912774241,0.0,0.0,0.8160040763870127,0.0,0.0,0.09522492599669352,0.0,0.2205806960177097,0.0,0.0,0.0,0.2205806960177097,0.09522492599669352,0.0,0.0,0.0,0.09522492599669352,0.0,0.0,4.593801845912626,0.0,0.0,0.2205806960177097,0.4838145912774241,0.6279704213554878,0.15790281100720183,0.0,0.0,0.6279704213554878,0.0,0.0,3.998378465543324,0.2205806960177097,0.7003575558765962,0.0,0.0,0.33965876119935956,0.03254704098618477,0.0,0.0,0.0,0.0,0.0,0.03254704098618477,0.0,0.03254704098618477,0.09522492599669352,0.0,0.0,0.6279704213554878,0.0,0.2205806960177097,0.03254704098618477,0.2205806960177097,0.0
V58WzEe8uobbD2YAhqAapUEkT4y1,0.051456854889494696,0.051456854889494696,0.051456854889494696,0.051456854889494696,0.051456854889494696,0.051456854889494696,0.051456854889494696,0.051456854889494696,0.051456854889494696,0.051456854889494696,0.051456854889494696,0.051456854889494696,0.051456854889494696,0.051456854889494696,0.051456854889494696,0.051456854889494696,0.051456854889494696,0.051456854889494696,0.051456854889494696,0.051456854889494696,0.051456854889494696,0.051456854889494696,0.051456854889494696,0.051456854889494696,0.051456854889494696,0.051456854889494696,0.051456854889494696,0.051456854889494696,0.051456854889494696,0.051456854889494696,0.051456854889494696,0.051456854889494696,0.051456854889494696,0.051456854889494696,0.051456854889494696,0.051456854889494696,0.051456854889494696,0.051456854889494696,1.3378782271268546,0.051456854889494696,0.051456854889494696,0.051456854889494696,0.051456854889494696,0.051456854889494696,0.051456854889494696,0.051456854889494696,0.051456854889494696,0.051456854889494696,0.051456854889494696,0.051456854889494696,0.051456854889494696,0.051456854889494696,0.051456854889494696,0.051456854889494696,0.051456854889494696,0.051456854889494696,0.051456854889494696,0.051456854889494696,0.051456854889494696,0.051456854889494696,0.051456854889494696,0.051456854889494696,0.051456854889494696,0.051456854889494696,0.051456854889494696,0.051456854889494696,0.051456854889494696,0.051456854889494696,0.051456854889494696,0.051456854889494696,0.051456854889494696,0.051456854889494696,0.051456854889494696,0.051456854889494696,0.051456854889494696,0.051456854889494696,0.051456854889494696,0.051456854889494696,0.051456854889494696,0.051456854889494696,0.051456854889494696,0.051456854889494696,0.051456854889494696,1.0805939526793824,0.051456854889494696,1.0805939526793824,0.051456854889494696,0.051456854889494696,0.051456854889494696,0.051456854889494696,0.051456854889494696,0.051456854889494696,0.051456854889494696,0.051456854889494696,0.051456854889494696,0.051456854889494696,0.051456854889494696,0.051456854889494696,0.051456854889494696,0.051456854889494696,0.051456854889494696,0.051456854889494696,0.051456854889494696,0.8233096782319107,0.051456854889494696,3.7941725804420225
VA16DtCQoPTTNSNJyjcXijaR2ek1,0.23293572781921412,0.23293572781921412,0.23293572781921412,0.600359645299938,1.0718740881670699,0.23293572781921412,0.23293572781921412,0.23293572781921412,0.7963061500565276,0.23293572781921412,0.23293572781921412,0.23293572781921412,0.23293572781921412,0.7963061500565276,0.23293572781921412,0.23293572781921412,0.23293572781921412,0.23293572781921412,0.5085036659297568,0.23293572781921412,0.23293572781921412,0.23293572781921412,0.23293572781921412,0.23293572781921412,0.23293572781921412,0.23293572781921412,0.9371487556158549,0.23293572781921412,0.23293572781921412,0.3247917071893953,0.23293572781921412,0.7963061500565276,0.23293572781921412,0.6922156246701192,0.5085036659297568,0.7963061500565276,0.23293572781921412,0.9371487556158549,0.4166476865595765,0.23293572781921412,0.9371487556158549,5.0,4.069442803171669,0.9371487556158549,0.23293572781921412,0.23293572781921412,0.23293572781921412,0.23293572781921412,0.23293572781921412,0.23293572781921412,0.7963061500565276,0.23293572781921412,0.23293572781921412,1.2127166937263985,0.23293572781921412,0.23293572781921412,0.5085036659297568,0.23293572781921412,0.6922156246701192,0.23293572781921412,0.23293572781921412,0.23293572781921412,0.6922156246701192,0.5085036659297568,0.23293572781921412,0.23293572781921412,0.23293572781921412,0.5085036659297568,0.23293572781921412,0.23293572781921412,0.9371487556158549,0.23293572781921412,0.23293572781921412,0.6922156246701192,0.7963061500565276,0.9371487556158549,0.600359645299938,0.23293572781921412,0.23293572781921412,0.9371487556158549,0.23293572781921412,0.23293572781921412,0.4166476865595765,0.6922156246701192,0.23293572781921412,0.23293572781921412,0.23293572781921412,0.6554635444971986,0.4166476865595765,0.23293572781921412,0.23293572781921412,0.23293572781921412,0.23293572781921412,0.23293572781921412,0.4166476865595765,0.23293572781921412,0.4166476865595765,0.5085036659297568,0.3247917071893953,0.23293572781921412,0.9371487556158549,0.23293572781921412,0.6922156246701192,0.4166476865595765,0.6922156246701192,0.23293572781921412
YseNx6sgMwWBjsaM1EgAQfLcgqH2,0.1396485124408282,0.1396485124408282,0.1396485124408282,0.04961197152503116,0.04961197152503116,0.18466678289872673,0.04961197152503116,0.04961197152503116,0.04961197152503116,0.18466678289872673,0.22968505335662526,0.18466678289872673,0.18466678289872673,0.04961197152503116,0.04961197152503116,0.18466678289872673,0.04961197152503116,0.22968505335662526,0.22968505335662526,0.04961197152503116,0.18466678289872673,0.22968505335662526,0.04961197152503116,0.2747033238145238,3.9145571601513356,0.1396485124408282,0.18466678289872673,0.22968505335662526,0.18466678289872673,0.18466678289872673,0.18466678289872673,0.18466678289872673,0.1396485124408282,0.04961197152503116,0.04961197152503116,0.04961197152503116,0.04961197152503116,0.04961197152503116,0.04961197152503116,0.04961197152503116,0.04961197152503116,0.04961197152503116,0.04961197152503116,0.04961197152503116,0.04961197152503116,0.09463024198292924,0.04961197152503116,0.1396485124408282,0.18466678289872673,0.1396485124408282,0.18466678289872673,0.1396485124408282,0.04961197152503116,0.04961197152503116,0.1396485124408282,0.22968505335662526,0.04961197152503116,0.18466678289872673,0.04961197152503116,0.1396485124408282,0.18466678289872673,0.22968505335662526,0.04961197152503116,0.04961197152503116,0.1396485124408282,0.04961197152503116,0.04961197152503116,0.04961197152503116,0.04961197152503116,0.22968505335662526,0.04961197152503116,0.18466678289872673,0.04961197152503116,0.04961197152503116,0.04961197152503116,0.04961197152503116,0.22968505335662526,0.18466678289872673,0.18466678289872673,0.04961197152503116,0.22968505335662526,0.18466678289872673,0.04961197152503116,0.04961197152503116,0.04961197152503116,0.04961197152503116,0.04961197152503116,0.1396485124408282,0.04961197152503116,0.18466678289872673,0.04961197152503116,0.18466678289872673,0.22968505335662526,0.04961197152503116,0.04961197152503116,0.09463024198292924,0.04961197152503116,0.04961197152503116,0.04961197152503116,0.04961197152503116,0.04961197152503116,0.18466678289872673,0.04961197152503116,0.04961197152503116,0.04961197152503116,0.04961197152503116
cji3aHKugSaLEUtf3qqKGw6RveX2,0.0,0.0,0.0,0.017512332451386836,0.14330404837792665,0.0,0.0,0.0,0.002487992506773562,0.0,0.0,0.0,0.0,0.002487992506773562,0.0,0.0,0.0,0.0,0.06206209797377005,0.0,0.0,0.0,0.0,0.0,0.0,0.0,0.26927544029663153,0.0,0.022364736900266635,0.0,0.0,0.07110433061634946,0.0,0.0644510177417712,0.0,2.2031065211445346,2.763915629473531,0.04567059281100505,0.0,0.0,0.04567059281100505,0.18648664868215725,0.0,0.04567059281100505,0.0,0.43550037074292236,0.0,1.3425808357880742,0.0,0.0,0.07110433061634946,0.0,0.0,0.18648664868215725,0.0,0.0,0.0,0.0,0.0644510177417712,0.0,0.0,0.0,0.0644510177417712,2.9047316853446836,0.0,3.25379319059778,0.4421045426951613,0.0,3.4974551390194515,0.0,0.04567059281100505,0.0,0.4421045426951613,0.0644510177417712,0.002487992506773562,0.04567059281100505,0.10900078326415441,0.0,0.0,0.04567059281100505,0.0,0.7869019483213968,0.0,0.0644510177417712,0.0,0.0,3.4974551390194515,0.005049617608927193,0.0,0.05336243877547675,0.0,0.0,0.0,0.0,0.0,0.0,0.0,0.0,0.0,0.0,0.04567059281100505,0.0,0.0644510177417712,0.0,0.0644510177417712,0.0
dPtnunEV9uXQQvWZ7oeLRRyuHfG3,0.3074228797053906,0.3074228797053906,0.3074228797053906,0.0,0.0,0.6743126425945225,0.0,0.0,0.0,0.6743126425945225,1.0412024054836544,0.6743126425945225,0.6743126425945225,0.0,0.0,0.6743126425945225,0.0,1.1810293970984704,1.4086990654765208,0.0,0.6743126425945225,1.0412024054836544,0.0,1.408092168372786,0.009714513959413473,0.6231554508293078,1.3404297667747231,1.0412024054836544,1.0455789788917305,0.7045696664012717,0.6743126425945225,0.8359400056414747,0.5404678657300845,0.0,0.0,0.0,0.0,0.0,0.0,0.0,0.0,0.0,0.0,0.0,0.0,0.29088589063881054,0.037726274298637286,0.3303024762294884,0.6743126425945225,0.3074228797053906,0.8359400056414747,0.3074228797053906,0.0,0.0,0.3074228797053906,1.0412024054836544,0.0,0.6743126425945225,0.0,0.3074228797053906,1.045829793125364,1.0412024054836544,0.0,0.0,0.3074228797053906,0.0,0.0,0.0,0.0,1.0412024054836544,0.0,0.6743126425945225,0.0,0.0,0.0,0.0,1.1622305007106517,0.6743126425945225,0.6743126425945225,0.0,1.0412024054836544,1.1498353612280816,0.0,0.0,0.0,0.0,0.0,0.42864340199060535,0.0,1.5417318068920247,0.0,0.933742881881352,1.0412024054836544,0.0,0.0,0.0,0.0,0.0,0.0,0.0,0.0,0.6743126425945225,0.0,0.0,0.0,0.0
eDDjveNPG2fKrvVupwL6W7fGIcz2,1.0219929748182706,1.0219929748182706,1.0219929748182706,0.8900291460425915,0.8900291460425915,1.0879748892061105,0.8900291460425915,0.8900291460425915,0.8900291460425915,1.0879748892061105,1.15395680359395,1.0879748892061105,1.0879748892061105,0.8900291460425915,0.8900291460425915,1.0879748892061105,0.8900291460425915,1.15395680359395,1.15395680359395,0.8900291460425915,1.0879748892061105,1.15395680359395,0.8900291460425915,1.21993871798179,0.9560110604304306,1.0219929748182706,2.131240558425153,1.15395680359395,1.922587424581344,1.0879748892061105,1.0879748892061105,1.0879748892061105,1.0219929748182706,0.8900291460425915,0.8900291460425915,0.8900291460425915,0.8900291460425915,0.8900291460425915,0.8900291460425915,0.8900291460425915,0.8900291460425915,0.8900291460425915,0.8900291460425915,0.8900291460425915,0.8900291460425915,1.581970461961856,1.9332948152616334,1.0219929748182706,1.0879748892061105,1.0219929748182706,1.0879748892061105,1.0219929748182706,0.8900291460425915,0.8900291460425915,1.0219929748182706,1.15395680359395,0.8900291460425915,1.0879748892061105,0.8900291460425915,1.0219929748182706,1.8643819715318117,1.15395680359395,0.8900291460425915,0.8900291460425915,1.0219929748182706,0.8900291460425915,0.8900291460425915,0.8900291460425915,0.8900291460425915,1.15395680359395,0.8900291460425915,1.0879748892061105,0.8900291460425915,0.8900291460425915,0.8900291460425915,0.8900291460425915,1.15395680359395,1.0879748892061105,1.0879748892061105,0.8900291460425915,1.15395680359395,2.131240558425153,0.8900291460425915,0.8900291460425915,0.8900291460425915,0.8900291460425915,0.8900291460425915,1.0219929748182706,0.8900291460425915,4.98165823494121,0.8900291460425915,1.0879748892061105,1.15395680359395,0.8900291460425915,0.8900291460425915,0.9560110604304306,0.8900291460425915,0.8900291460425915,0.8900291460425915,0.8900291460425915,0.8900291460425915,1.0879748892061105,0.8900291460425915,0.8900291460425915,0.8900291460425915,0.8900291460425915
fHrkNtaGFIWyO2t5BPfa1vfU76R2,0.4026039704666555,0.4026039704666555,0.4026039704666555,0.21133200301159594,0.21133200301159594,0.4982399541941853,0.21133200301159594,0.9690866144409926,0.21133200301159594,0.4982399541941853,0.5938759379217147,0.4982399541941853,0.4982399541941853,0.21133200301159594,0.21133200301159594,0.4982399541941853,3.2225843789579596,2.852315219881488,0.5938759379217147,0.21133200301159594,0.4982399541941853,0.5938759379217147,0.21133200301159594,0.6895119216492445,0.3069679867391253,4.772873129543127,0.4982399541941853,0.5938759379217147,0.4982399541941853,0.4982399541941853,0.4982399541941853,0.4982399541941853,4.16666944039961,0.21133200301159594,0.21133200301159594,0.21133200301159594,0.21133200301159594,0.21133200301159594,0.21133200301159594,0.21133200301159594,0.21133200301159594,0.21133200301159594,0.21133200301159594,0.21133200301159594,3.9753974729445503,0.6100698313108843,0.21133200301159594,0.4026039704666555,0.4982399541941853,0.4026039704666555,0.4982399541941853,0.4026039704666555,3.9753974729445503,0.21133200301159594,0.4026039704666555,0.5938759379217147,0.21133200301159594,0.4982399541941853,0.21133200301159594,0.4026039704666555,0.4982399541941853,0.5938759379217147,0.21133200301159594,0.21133200301159594,0.4026039704666555,0.21133200301159594,0.21133200301159594,0.21133200301159594,0.21133200301159594,0.5938759379217147,0.21133200301159594,0.4982399541941853,0.21133200301159594,0.21133200301159594,0.21133200301159594,0.21133200301159594,0.5938759379217147,0.4982399541941853,0.4982399541941853,0.21133200301159594,0.5938759379217147,0.4982399541941853,0.21133200301159594,0.21133200301159594,0.21133200301159594,0.9690866144409926,0.21133200301159594,0.4026039704666555,0.21133200301159594,0.4982399541941853,0.21133200301159594,0.4982399541941853,0.5938759379217147,0.21133200301159594,0.21133200301159594,0.3069679867391253,0.21133200301159594,0.21133200301159594,0.21133200301159594,3.2225843789579596,0.21133200301159594,0.4982399541941853,0.21133200301159594,0.21133200301159594,0.21133200301159594,0.21133200301159594
hzWb2WK0WCWXyOvs7JPmYU96YfU2,0.0,0.0,0.0,0.1270258576884553,0.055223596605680214,0.07973141406960571,0.0,0.0,0.0,0.07973141406960571,0.15970294764035553,0.07973141406960571,0.07973141406960571,0.0,0.0,0.07973141406960571,0.0,0.15970294764035553,2.0715621415816305,0.0,0.07973141406960571,0.15970294764035553,0.0,0.23967448121110557,0.0,0.0,0.07973141406960571,0.15970294764035553,0.07973141406960571,0.1515336751523806,0.07973141406960571,0.07973141406960571,0.0,0.1988281187712304,0.055223596605680214,0.0,0.0,0.0,0.0,0.0,0.0,0.055223596605680214,0.0,0.0,0.0,0.0,0.0,0.0,0.07973141406960571,0.0,0.07973141406960571,0.0,0.0,0.055223596605680214,0.0,0.15970294764035553,0.055223596605680214,0.07973141406960571,0.1988281187712304,0.0,0.07973141406960571,0.15970294764035553,0.1988281187712304,0.055223596605680214,0.0,0.0,0.0,0.055223596605680214,0.0,0.15970294764035553,0.0,0.07973141406960571,0.0,0.1988281187712304,0.0,0.0,0.4469119919714555,0.07973141406960571,0.07973141406960571,0.0,0.15970294764035553,0.07973141406960571,0.0,0.1988281187712304,0.0,0.0,0.0,0.0,0.0,0.07973141406960571,0.0,0.07973141406960571,0.15970294764035553,0.0,0.0,0.0,0.0,0.055223596605680214,0.0,0.0,0.0,0.07973141406960571,0.1988281187712304,0.0,0.1988281187712304,0.0
j2mB6iKqFIfPwfpyFKUxeGUMvIg2,0.034542786512727464,0.034542786512727464,0.034542786512727464,0.0,0.0,0.06761958508271837,0.0,2.9036638790165057,0.0,0.06761958508271837,0.10069638365271016,0.06761958508271837,0.06761958508271837,0.0,0.0,0.06761958508271837,0.44111591522943794,0.45524142804522993,0.10069638365271016,0.0,0.06761958508271837,0.10069638365271016,0.0,0.13377318222270107,0.0014659879427356692,2.9736709455486023,0.2558960232207097,0.10069638365271016,0.21824073559311152,0.06761958508271837,0.06761958508271837,0.06761958508271837,0.6254511938335936,0.0,0.0,0.0,0.0,0.0,0.7786019775857351,0.0,0.0,0.0,0.0,0.0,0.5592975966936109,1.5364966737505816,0.1566656275107361,0.034542786512727464,0.06761958508271837,0.034542786512727464,0.06761958508271837,0.034542786512727464,0.5592975966936109,0.0,0.034542786512727464,0.10069638365271016,0.0,0.06761958508271837,0.0,0.034542786512727464,0.06761958508271837,0.10069638365271016,0.0,0.0,0.034542786512727464,0.21634413644029138,0.2783328732071775,0.0,0.0,0.10069638365271016,0.0,0.06761958508271837,0.2783328732071775,0.0,0.0,0.0,0.10069638365271016,0.06761958508271837,0.06761958508271837,0.0,0.10069638365271016,0.2558960232207097,0.0,0.6165594199431372,0.0,3.551834109586898,0.0,0.034542786512727464,0.0,0.2558960232207097,0.0,0.06761958508271837,0.10069638365271016,0.0,0.0,0.0014659879427356692,0.0,0.0,0.0,0.44111591522943794,0.0,0.06761958508271837,0.0,0.4545168623005389,0.0,0.4545168623005389
lpHXt8I3bUbNZnOFUXO8Ab22coB3,0.5082401625093542,0.5082401625093542,0.5082401625093542,0.2604414763107634,0.2604414763107634,0.6321395056086505,0.2604414763107634,0.2604414763107634,0.2604414763107634,0.6321395056086505,0.756038848707945,0.6321395056086505,0.6321395056086505,0.2604414763107634,0.2604414763107634,0.6321395056086505,0.2604414763107634,0.756038848707945,0.756038848707945,0.2604414763107634,0.6321395056086505,0.756038848707945,0.2604414763107634,0.8799381918072404,0.3843408194100588,0.5082401625093542,0.6321395056086505,0.756038848707945,0.6321395056086505,0.6321395056086505,0.6321395056086505,0.6321395056086505,0.5082401625093542,0.2604414763107634,0.2604414763107634,0.2604414763107634,0.2604414763107634,0.2604414763107634,0.2604414763107634,0.2604414763107634,0.2604414763107634,0.2604414763107634,0.2604414763107634,0.2604414763107634,0.2604414763107634,0.3843408194100588,0.2604414763107634,0.5082401625093542,0.6321395056086505,0.5082401625093542,0.6321395056086505,0.5082401625093542,0.2604414763107634,0.2604414763107634,0.5082401625093542,0.756038848707945,0.2604414763107634,0.6321395056086505,0.2604414763107634,0.5082401625093542,0.6321395056086505,0.756038848707945,0.2604414763107634,0.2604414763107634,0.5082401625093542,0.2604414763107634,0.2604414763107634,0.2604414763107634,0.2604414763107634,0.756038848707945,0.2604414763107634,0.6321395056086505,0.2604414763107634,0.2604414763107634,0.2604414763107634,0.2604414763107634,0.756038848707945,0.6321395056086505,0.6321395056086505,0.2604414763107634,0.756038848707945,0.6321395056086505,0.2604414763107634,0.2604414763107634,0.2604414763107634,0.2604414763107634,0.2604414763107634,0.5082401625093542,0.2604414763107634,0.6321395056086505,0.2604414763107634,5.0,0.756038848707945,0.2604414763107634,0.2604414763107634,0.3843408194100588,0.2604414763107634,0.2604414763107634,0.2604414763107634,0.2604414763107634,0.2604414763107634,0.6321395056086505,0.2604414763107634,0.2604414763107634,0.2604414763107634,0.2604414763107634
qnO4GQuFhChzPaD1bJOKJp9kURo2,0.0,0.0,0.0,0.0,0.0,0.0,0.0,0.0,0.0,0.0,0.0,0.0,0.0,0.0,0.0,0.0,0.0,0.0,0.0,5.0,0.0,0.0,0.0,0.0,0.0,0.0,0.0,0.0,0.0,0.0,0.0,0.0,0.0,0.0,0.0,0.0,0.0,0.0,0.0,0.0,0.0,0.0,0.0,0.0,0.0,0.0,0.0,0.0,0.0,0.0,0.0,0.0,0.0,0.0,0.0,0.0,0.0,0.0,0.0,0.0,0.0,0.0,0.0,0.0,0.0,0.0,0.0,0.0,0.0,0.0,0.0,0.0,0.0,0.0,0.0,0.0,0.0,0.0,0.0,0.0,0.0,0.0,0.0,0.0,0.0,0.0,0.0,0.0,0.0,0.0,0.0,0.0,0.0,0.0,0.0,0.0,0.0,0.0,0.0,0.0,0.0,0.0,0.0,0.0,0.0,0.0
sBiEjDKG8AeMsSt6d3fzaBUNiEr1,0.20876761527545007,0.20876761527545007,0.20876761527545007,0.1792709584776544,0.1792709584776544,0.22351594367434746,0.1792709584776544,0.5532093333715036,0.1792709584776544,0.22351594367434746,0.23826427207324485,0.22351594367434746,0.22351594367434746,0.1792709584776544,0.1792709584776544,0.22351594367434746,0.1792709584776544,0.23826427207324485,0.23826427207324485,0.1792709584776544,0.22351594367434746,0.23826427207324485,0.1792709584776544,0.25301260047214225,0.19401928687655268,0.5079183151905284,0.6432607284602905,0.23826427207324485,0.5593117715031015,0.22351594367434746,0.22351594367434746,0.22351594367434746,0.20876761527545007,0.1792709584776544,0.1792709584776544,0.5340200492396008,0.6522697461602482,0.1792709584776544,0.1792709584776544,0.1792709584776544,0.1792709584776544,0.1792709584776544,0.1792709584776544,0.1792709584776544,0.1792709584776544,3.4285028786836413,0.5990157432635979,0.44526700911674677,0.22351594367434746,0.20876761527545007,0.22351594367434746,0.20876761527545007,0.1792709584776544,0.1792709584776544,0.20876761527545007,0.23826427207324485,0.1792709584776544,0.22351594367434746,0.1792709584776544,0.20876761527545007,0.22351594367434746,0.23826427207324485,0.1792709584776544,0.6522697461602482,0.20876761527545007,3.4853311171382324,3.7205976722001353,0.1792709584776544,0.7705194430808961,0.23826427207324485,0.1792709584776544,0.22351594367434746,3.7205976722001353,0.1792709584776544,0.1792709584776544,0.1792709584776544,0.23826427207324485,0.22351594367434746,0.22351594367434746,0.1792709584776544,0.23826427207324485,0.7615104253809384,0.1792709584776544,0.1792709584776544,0.1792709584776544,0.5532093333715036,0.7705194430808961,0.20876761527545007,0.1792709584776544,0.6432607284602905,0.1792709584776544,0.22351594367434746,0.23826427207324485,0.1792709584776544,0.1792709584776544,0.19401928687655268,0.1792709584776544,0.1792709584776544,0.1792709584776544,0.1792709584776544,0.1792709584776544,0.22351594367434746,0.1792709584776544,0.1792709584776544,0.1792709584776544,0.1792709584776544
sJqrtO0ZvBhF8W9D8m26X39msX33,0.0,0.0,0.0,0.0,0.0,0.0,0.0,0.0,0.0,0.0,0.0,0.0,0.0,0.0,0.0,0.0,0.0,0.0,0.0,0.0,0.0,0.0,0.0,0.0,0.0,0.0,0.0,0.0,0.0,0.0,0.0,0.0,0.0,0.0,0.0,0.0,0.0,0.0,0.0,0.0,0.0,0.0,0.0,0.0,0.0,0.0,0.0,0.0,0.0,0.0,0.0,0.0,0.0,0.0,0.0,0.0,0.0,0.0,0.0,0.0,0.0,0.0,0.0,0.0,0.0,0.0,0.0,0.0,0.0,0.0,0.0,0.0,0.0,0.0,0.0,0.0,0.0,0.0,0.0,0.0,0.0,0.0,0.0,0.0,0.0,0.0,0.0,0.0,0.0,0.0,3.0,0.0,0.0,0.0,0.0,0.0,0.0,0.0,0.0,0.0,0.0,0.0,0.0,0.0,0.0,0.0
u9LDD2DN6uNXR3atiXIKxxpjPYq2,0.36144355561029506,0.36144355561029506,0.36144355561029506,0.21812114589025322,0.21812114589025322,0.43310476047031576,0.21812114589025322,0.21812114589025322,0.21812114589025322,0.43310476047031576,0.5047659653303365,0.43310476047031576,0.43310476047031576,0.21812114589025322,0.21812114589025322,0.43310476047031576,0.21812114589025322,0.5047659653303365,0.5047659653303365,0.21812114589025322,0.43310476047031576,0.5047659653303365,0.21812114589025322,0.5764271701903576,0.2897823507502739,0.36144355561029506,0.43310476047031576,0.5047659653303365,0.43310476047031576,0.43310476047031576,0.43310476047031576,0.43310476047031576,0.36144355561029506,0.21812114589025322,0.21812114589025322,0.21812114589025322,0.21812114589025322,0.21812114589025322,0.21812114589025322,0.21812114589025322,0.21812114589025322,0.21812114589025322,0.21812114589025322,0.21812114589025322,0.21812114589025322,0.2897823507502739,0.21812114589025322,0.36144355561029506,0.43310476047031576,0.36144355561029506,0.43310476047031576,0.36144355561029506,0.21812114589025322,0.21812114589025322,0.36144355561029506,0.5047659653303365,0.21812114589025322,0.43310476047031576,0.21812114589025322,0.36144355561029506,3.218121145890253,0.5047659653303365,0.21812114589025322,0.21812114589025322,0.36144355561029506,0.21812114589025322,0.21812114589025322,0.21812114589025322,0.21812114589025322,0.5047659653303365,0.21812114589025322,0.43310476047031576,0.21812114589025322,0.21812114589025322,0.21812114589025322,0.21812114589025322,0.5047659653303365,0.43310476047031576,0.43310476047031576,0.21812114589025322,0.5047659653303365,0.43310476047031576,0.21812114589025322,0.21812114589025322,0.21812114589025322,0.21812114589025322,0.21812114589025322,0.36144355561029506,0.21812114589025322,1.276339872659892,0.21812114589025322,0.43310476047031576,0.5047659653303365,0.21812114589025322,0.21812114589025322,0.2897823507502739,0.21812114589025322,0.21812114589025322,0.21812114589025322,0.21812114589025322,0.21812114589025322,0.43310476047031576,0.21812114589025322,0.21812114589025322,0.21812114589025322,0.21812114589025322
ykeu2QJNW4WaOMZd0em1h5PUz6a2,0.0,0.0,0.0,0.0,0.0,0.0,5.0,0.0,0.0,0.0,0.0,0.0,0.0,0.0,0.0,0.0,0.0,0.0,0.0,0.0,0.0,0.0,0.0,0.0,0.0,0.0,0.0,0.0,0.0,0.0,0.0,0.0,0.0,0.0,0.0,0.0,0.0,0.0,0.0,0.0,0.0,0.0,0.0,0.0,0.0,0.0,0.0,0.0,0.0,0.0,0.0,0.0,0.0,0.0,0.0,0.0,0.0,0.0,0.0,0.0,0.0,0.0,0.0,0.0,0.0,0.0,0.0,0.0,0.0,0.0,0.0,0.0,0.0,0.0,0.0,0.0,0.0,0.0,0.0,0.0,0.0,0.0,0.0,0.0,0.0,0.0,0.0,0.0,0.0,0.0,0.0,0.0,0.0,0.0,0.0,0.0,0.0,0.0,0.0,0.0,0.0,0.0,0.0,0.0,0.0,0.0
ymYDXD2opve4fA198aYRyNIJINN2,0.5495663277517839,0.5495663277517839,0.5495663277517839,0.3285520707028251,0.5313942864028629,0.660073456276264,0.3285520707028251,0.46864542547826815,0.5313942864028629,0.660073456276264,0.7705805848007437,0.660073456276264,0.660073456276264,0.5313942864028629,0.3285520707028251,0.660073456276264,0.3285520707028251,0.7705805848007437,0.7705805848007437,0.3285520707028251,0.660073456276264,0.7705805848007437,0.3285520707028251,0.8810877133252228,0.4390591992273043,0.6616410115721378,3.097715124790798,0.7705805848007437,2.407344575387854,0.660073456276264,0.660073456276264,0.8629156719763014,0.5495663277517839,0.3285520707028251,0.3285520707028251,0.5867710471709158,0.402387751726895,0.5821048403278719,0.3285520707028251,0.3285520707028251,0.5821048403278719,0.5821048403278719,0.3285520707028251,0.5821048403278719,0.3285520707028251,2.0126496481972818,2.512640969592312,0.5864841682638193,0.660073456276264,0.5495663277517839,0.8629156719763014,0.5495663277517839,0.3285520707028251,0.5821048403278719,0.5495663277517839,0.7705805848007437,0.3285520707028251,0.660073456276264,0.3285520707028251,0.5495663277517839,0.9851569205478561,0.7705805848007437,0.3285520707028251,0.402387751726895,0.5495663277517839,0.6094875194530034,0.5874267803604605,0.3285520707028251,0.4208466719829138,0.7705805848007437,0.5821048403278719,0.660073456276264,0.5874267803604605,0.3285520707028251,0.5313942864028629,0.5821048403278719,0.7705805848007437,0.660073456276264,0.660073456276264,0.5821048403278719,0.7705805848007437,2.862621275421769,0.3285520707028251,0.3285520707028251,0.3285520707028251,0.46864542547826815,0.4208466719829138,0.7016979895268123,0.3285520707028251,4.0376389140440585,0.3285520707028251,0.660073456276264,0.7705805848007437,0.3285520707028251,0.3285520707028251,0.4390591992273043,0.3285520707028251,0.3285520707028251,0.3285520707028251,0.3285520707028251,0.5821048403278719,0.660073456276264,0.3285520707028251,0.3285520707028251,0.3285520707028251,0.3285520707028251
zxTbZavPGmZiSa9CtWKa96C1EAA2,0.0,0.0,0.0,0.0,0.0,0.0,0.0,0.0,0.0,0.0,0.0,0.0,0.0,0.0,0.0,0.0,0.0,0.0,0.0,0.0,0.0,0.0,3.0,0.0,0.0,0.0,0.0,0.0,0.0,0.0,0.0,0.0,0.0,0.0,0.0,0.0,0.0,0.0,0.0,1.242640687119285,0.0,0.0,0.0,0.0,0.0,0.0,0.0,0.0,0.0,0.0,0.0,0.0,0.0,0.0,0.0,0.0,0.0,0.0,0.0,0.0,0.0,0.0,0.0,0.0,0.0,0.0,0.0,0.0,0.0,0.0,0.0,0.0,0.0,0.0,0.0,0.0,0.0,0.0,0.0,0.0,0.0,0.0,0.0,0.0,0.0,0.0,0.0,0.0,0.0,0.0,0.0,0.0,0.0,0.0,0.0,0.0,0.0,0.0,0.0,0.0,0.0,0.0,0.0,0.0,0.0,0.0
